"Species","parameter","estimate","NaturalSubregionNum","NaturalSubregionCode","Subregion"
"UNKN.SWD","a0",0.858012,"2","DMW","DMW"
"UNKN.SWD","a0",0.858012,"15","PRP","PRP"
"UNKN.SWD","a0",0.858012,"16","CP","CP"
"UNKN.SWD","a0",0.864073,"9","M","M"
"UNKN.SWD","a0",0.864073,"11","LF","LF"
"UNKN.SWD","a0",0.864073,"14","FP","FP"
"UNKN.SWD","a0",0.836332,"7","ALP","ALP"
"UNKN.SWD","a0",0.836332,"8","SA","SA"
"UNKN.SWD","a0",0.836332,"10","UF","UF"
"UNKN.SWD","a0",0.907541,"1","CM","CM"
"UNKN.SWD","a0",0.907541,"3","NM","NM"
"UNKN.SWD","a0",0.907541,"4","BSA","BSA"
"UNKN.SWD","a0",0.907541,"5","PAD","PAD"
"UNKN.SWD","a0",0.907541,"6","LBH","LBH"
"UNKN.SWD","a0",0.907541,"12","AP","AP"
"UNKN.SWD","a0",0.907541,"13","KU","KU"
"UNKN.SWD","a1",0.994667,"2","DMW","DMW"
"UNKN.SWD","a1",0.994667,"15","PRP","PRP"
"UNKN.SWD","a1",0.994667,"16","CP","CP"
"UNKN.SWD","a1",1.000696,"9","M","M"
"UNKN.SWD","a1",1.000696,"11","LF","LF"
"UNKN.SWD","a1",1.000696,"14","FP","FP"
"UNKN.SWD","a1",1.023299,"7","ALP","ALP"
"UNKN.SWD","a1",1.023299,"8","SA","SA"
"UNKN.SWD","a1",1.023299,"10","UF","UF"
"UNKN.SWD","a1",0.972889,"1","CM","CM"
"UNKN.SWD","a1",0.972889,"3","NM","NM"
"UNKN.SWD","a1",0.972889,"4","BSA","BSA"
"UNKN.SWD","a1",0.972889,"5","PAD","PAD"
"UNKN.SWD","a1",0.972889,"6","LBH","LBH"
"UNKN.SWD","a1",0.972889,"12","AP","AP"
"UNKN.SWD","a1",0.972889,"13","KU","KU"
"UNKN.SWD","a2",0.998503,"2","DMW","DMW"
"UNKN.SWD","a2",0.998503,"15","PRP","PRP"
"UNKN.SWD","a2",0.998503,"16","CP","CP"
"UNKN.SWD","a2",0.998194,"9","M","M"
"UNKN.SWD","a2",0.998194,"11","LF","LF"
"UNKN.SWD","a2",0.998194,"14","FP","FP"
"UNKN.SWD","a2",0.996897,"7","ALP","ALP"
"UNKN.SWD","a2",0.996897,"8","SA","SA"
"UNKN.SWD","a2",0.996897,"10","UF","UF"
"UNKN.SWD","a2",0.999056,"1","CM","CM"
"UNKN.SWD","a2",0.999056,"3","NM","NM"
"UNKN.SWD","a2",0.999056,"4","BSA","BSA"
"UNKN.SWD","a2",0.999056,"5","PAD","PAD"
"UNKN.SWD","a2",0.999056,"6","LBH","LBH"
"UNKN.SWD","a2",0.999056,"12","AP","AP"
"UNKN.SWD","a2",0.999056,"13","KU","KU"
"UNKN.SWD","b1",0.957817,"2","DMW","DMW"
"UNKN.SWD","b1",0.957817,"15","PRP","PRP"
"UNKN.SWD","b1",0.957817,"16","CP","CP"
"UNKN.SWD","b1",1.089652,"9","M","M"
"UNKN.SWD","b1",1.089652,"11","LF","LF"
"UNKN.SWD","b1",1.089652,"14","FP","FP"
"UNKN.SWD","b1",1.142097,"7","ALP","ALP"
"UNKN.SWD","b1",1.142097,"8","SA","SA"
"UNKN.SWD","b1",1.142097,"10","UF","UF"
"UNKN.SWD","b1",0.838891,"1","CM","CM"
"UNKN.SWD","b1",0.838891,"3","NM","NM"
"UNKN.SWD","b1",0.838891,"4","BSA","BSA"
"UNKN.SWD","b1",0.838891,"5","PAD","PAD"
"UNKN.SWD","b1",0.838891,"6","LBH","LBH"
"UNKN.SWD","b1",0.838891,"12","AP","AP"
"UNKN.SWD","b1",0.838891,"13","KU","KU"
"UNKN.SWD","b2",-0.22815,"2","DMW","DMW"
"UNKN.SWD","b2",-0.22815,"15","PRP","PRP"
"UNKN.SWD","b2",-0.22815,"16","CP","CP"
"UNKN.SWD","b2",-0.224349,"9","M","M"
"UNKN.SWD","b2",-0.224349,"11","LF","LF"
"UNKN.SWD","b2",-0.224349,"14","FP","FP"
"UNKN.SWD","b2",-0.253295,"7","ALP","ALP"
"UNKN.SWD","b2",-0.253295,"8","SA","SA"
"UNKN.SWD","b2",-0.253295,"10","UF","UF"
"UNKN.SWD","b2",-0.227784,"1","CM","CM"
"UNKN.SWD","b2",-0.227784,"3","NM","NM"
"UNKN.SWD","b2",-0.227784,"4","BSA","BSA"
"UNKN.SWD","b2",-0.227784,"5","PAD","PAD"
"UNKN.SWD","b2",-0.227784,"6","LBH","LBH"
"UNKN.SWD","b2",-0.227784,"12","AP","AP"
"UNKN.SWD","b2",-0.227784,"13","KU","KU"
"UNKN.SWD","b3",1.696453,"2","DMW","DMW"
"UNKN.SWD","b3",1.696453,"15","PRP","PRP"
"UNKN.SWD","b3",1.696453,"16","CP","CP"
"UNKN.SWD","b3",1.584261,"9","M","M"
"UNKN.SWD","b3",1.584261,"11","LF","LF"
"UNKN.SWD","b3",1.584261,"14","FP","FP"
"UNKN.SWD","b3",1.834277,"7","ALP","ALP"
"UNKN.SWD","b3",1.834277,"8","SA","SA"
"UNKN.SWD","b3",1.834277,"10","UF","UF"
"UNKN.SWD","b3",1.620364,"1","CM","CM"
"UNKN.SWD","b3",1.620364,"3","NM","NM"
"UNKN.SWD","b3",1.620364,"4","BSA","BSA"
"UNKN.SWD","b3",1.620364,"5","PAD","PAD"
"UNKN.SWD","b3",1.620364,"6","LBH","LBH"
"UNKN.SWD","b3",1.620364,"12","AP","AP"
"UNKN.SWD","b3",1.620364,"13","KU","KU"
"UNKN.SWD","b4",-0.788021,"2","DMW","DMW"
"UNKN.SWD","b4",-0.788021,"15","PRP","PRP"
"UNKN.SWD","b4",-0.788021,"16","CP","CP"
"UNKN.SWD","b4",-0.813796,"9","M","M"
"UNKN.SWD","b4",-0.813796,"11","LF","LF"
"UNKN.SWD","b4",-0.813796,"14","FP","FP"
"UNKN.SWD","b4",-0.914346,"7","ALP","ALP"
"UNKN.SWD","b4",-0.914346,"8","SA","SA"
"UNKN.SWD","b4",-0.914346,"10","UF","UF"
"UNKN.SWD","b4",-0.686296,"1","CM","CM"
"UNKN.SWD","b4",-0.686296,"3","NM","NM"
"UNKN.SWD","b4",-0.686296,"4","BSA","BSA"
"UNKN.SWD","b4",-0.686296,"5","PAD","PAD"
"UNKN.SWD","b4",-0.686296,"6","LBH","LBH"
"UNKN.SWD","b4",-0.686296,"12","AP","AP"
"UNKN.SWD","b4",-0.686296,"13","KU","KU"
"UNKN.SWD","b5",0.142355,"2","DMW","DMW"
"UNKN.SWD","b5",0.142355,"15","PRP","PRP"
"UNKN.SWD","b5",0.142355,"16","CP","CP"
"UNKN.SWD","b5",0.165997,"9","M","M"
"UNKN.SWD","b5",0.165997,"11","LF","LF"
"UNKN.SWD","b5",0.165997,"14","FP","FP"
"UNKN.SWD","b5",0.121166,"7","ALP","ALP"
"UNKN.SWD","b5",0.121166,"8","SA","SA"
"UNKN.SWD","b5",0.121166,"10","UF","UF"
"UNKN.SWD","b5",0.065843,"1","CM","CM"
"UNKN.SWD","b5",0.065843,"3","NM","NM"
"UNKN.SWD","b5",0.065843,"4","BSA","BSA"
"UNKN.SWD","b5",0.065843,"5","PAD","PAD"
"UNKN.SWD","b5",0.065843,"6","LBH","LBH"
"UNKN.SWD","b5",0.065843,"12","AP","AP"
"UNKN.SWD","b5",0.065843,"13","KU","KU"
"UNKN.HWD","a0",0.986975,"2","DMW","DMW"
"UNKN.HWD","a0",0.986975,"14","FP","FP"
"UNKN.HWD","a0",0.986975,"15","PRP","PRP"
"UNKN.HWD","a0",0.986975,"16","CP","CP"
"UNKN.HWD","a0",0.875806,"9","M","M"
"UNKN.HWD","a0",0.875806,"11","LF","LF"
"UNKN.HWD","a0",0.553873,"7","ALP","ALP"
"UNKN.HWD","a0",0.553873,"8","SA","SA"
"UNKN.HWD","a0",0.553873,"10","UF","UF"
"UNKN.HWD","a0",0.850133,"1","CM","CM"
"UNKN.HWD","a0",0.850133,"3","NM","NM"
"UNKN.HWD","a0",0.850133,"4","BSA","BSA"
"UNKN.HWD","a0",0.850133,"5","PAD","PAD"
"UNKN.HWD","a0",0.850133,"6","LBH","LBH"
"UNKN.HWD","a0",0.850133,"12","AP","AP"
"UNKN.HWD","a0",0.850133,"13","KU","KU"
"UNKN.HWD","a1",0.908801,"2","DMW","DMW"
"UNKN.HWD","a1",0.908801,"14","FP","FP"
"UNKN.HWD","a1",0.908801,"15","PRP","PRP"
"UNKN.HWD","a1",0.908801,"16","CP","CP"
"UNKN.HWD","a1",0.974791,"9","M","M"
"UNKN.HWD","a1",0.974791,"11","LF","LF"
"UNKN.HWD","a1",1.182243,"7","ALP","ALP"
"UNKN.HWD","a1",1.182243,"8","SA","SA"
"UNKN.HWD","a1",1.182243,"10","UF","UF"
"UNKN.HWD","a1",0.991087,"1","CM","CM"
"UNKN.HWD","a1",0.991087,"3","NM","NM"
"UNKN.HWD","a1",0.991087,"4","BSA","BSA"
"UNKN.HWD","a1",0.991087,"5","PAD","PAD"
"UNKN.HWD","a1",0.991087,"6","LBH","LBH"
"UNKN.HWD","a1",0.991087,"12","AP","AP"
"UNKN.HWD","a1",0.991087,"13","KU","KU"
"UNKN.HWD","a2",1.003121,"2","DMW","DMW"
"UNKN.HWD","a2",1.003121,"14","FP","FP"
"UNKN.HWD","a2",1.003121,"15","PRP","PRP"
"UNKN.HWD","a2",1.003121,"16","CP","CP"
"UNKN.HWD","a2",0.999886,"9","M","M"
"UNKN.HWD","a2",0.999886,"11","LF","LF"
"UNKN.HWD","a2",0.991753,"7","ALP","ALP"
"UNKN.HWD","a2",0.991753,"8","SA","SA"
"UNKN.HWD","a2",0.991753,"10","UF","UF"
"UNKN.HWD","a2",0.99875,"1","CM","CM"
"UNKN.HWD","a2",0.99875,"3","NM","NM"
"UNKN.HWD","a2",0.99875,"4","BSA","BSA"
"UNKN.HWD","a2",0.99875,"5","PAD","PAD"
"UNKN.HWD","a2",0.99875,"6","LBH","LBH"
"UNKN.HWD","a2",0.99875,"12","AP","AP"
"UNKN.HWD","a2",0.99875,"13","KU","KU"
"UNKN.HWD","b1",0.628126,"2","DMW","DMW"
"UNKN.HWD","b1",0.628126,"14","FP","FP"
"UNKN.HWD","b1",0.628126,"15","PRP","PRP"
"UNKN.HWD","b1",0.628126,"16","CP","CP"
"UNKN.HWD","b1",0.531879,"9","M","M"
"UNKN.HWD","b1",0.531879,"11","LF","LF"
"UNKN.HWD","b1",0.600794,"7","ALP","ALP"
"UNKN.HWD","b1",0.600794,"8","SA","SA"
"UNKN.HWD","b1",0.600794,"10","UF","UF"
"UNKN.HWD","b1",0.631153,"1","CM","CM"
"UNKN.HWD","b1",0.631153,"3","NM","NM"
"UNKN.HWD","b1",0.631153,"4","BSA","BSA"
"UNKN.HWD","b1",0.631153,"5","PAD","PAD"
"UNKN.HWD","b1",0.631153,"6","LBH","LBH"
"UNKN.HWD","b1",0.631153,"12","AP","AP"
"UNKN.HWD","b1",0.631153,"13","KU","KU"
"UNKN.HWD","b2",-0.06144,"2","DMW","DMW"
"UNKN.HWD","b2",-0.06144,"14","FP","FP"
"UNKN.HWD","b2",-0.06144,"15","PRP","PRP"
"UNKN.HWD","b2",-0.06144,"16","CP","CP"
"UNKN.HWD","b2",-0.04969,"9","M","M"
"UNKN.HWD","b2",-0.04969,"11","LF","LF"
"UNKN.HWD","b2",-0.05839,"7","ALP","ALP"
"UNKN.HWD","b2",-0.05839,"8","SA","SA"
"UNKN.HWD","b2",-0.05839,"10","UF","UF"
"UNKN.HWD","b2",-0.085234,"1","CM","CM"
"UNKN.HWD","b2",-0.085234,"3","NM","NM"
"UNKN.HWD","b2",-0.085234,"4","BSA","BSA"
"UNKN.HWD","b2",-0.085234,"5","PAD","PAD"
"UNKN.HWD","b2",-0.085234,"6","LBH","LBH"
"UNKN.HWD","b2",-0.085234,"12","AP","AP"
"UNKN.HWD","b2",-0.085234,"13","KU","KU"
"UNKN.HWD","b3",-0.034635,"2","DMW","DMW"
"UNKN.HWD","b3",-0.034635,"14","FP","FP"
"UNKN.HWD","b3",-0.034635,"15","PRP","PRP"
"UNKN.HWD","b3",-0.034635,"16","CP","CP"
"UNKN.HWD","b3",-0.290443,"9","M","M"
"UNKN.HWD","b3",-0.290443,"11","LF","LF"
"UNKN.HWD","b3",-0.222472,"7","ALP","ALP"
"UNKN.HWD","b3",-0.222472,"8","SA","SA"
"UNKN.HWD","b3",-0.222472,"10","UF","UF"
"UNKN.HWD","b3",-0.067347,"1","CM","CM"
"UNKN.HWD","b3",-0.067347,"3","NM","NM"
"UNKN.HWD","b3",-0.067347,"4","BSA","BSA"
"UNKN.HWD","b3",-0.067347,"5","PAD","PAD"
"UNKN.HWD","b3",-0.067347,"6","LBH","LBH"
"UNKN.HWD","b3",-0.067347,"12","AP","AP"
"UNKN.HWD","b3",-0.067347,"13","KU","KU"
"UNKN.HWD","b4",0.049512,"2","DMW","DMW"
"UNKN.HWD","b4",0.049512,"14","FP","FP"
"UNKN.HWD","b4",0.049512,"15","PRP","PRP"
"UNKN.HWD","b4",0.049512,"16","CP","CP"
"UNKN.HWD","b4",0.184209,"9","M","M"
"UNKN.HWD","b4",0.184209,"11","LF","LF"
"UNKN.HWD","b4",0.113434,"7","ALP","ALP"
"UNKN.HWD","b4",0.113434,"8","SA","SA"
"UNKN.HWD","b4",0.113434,"10","UF","UF"
"UNKN.HWD","b4",0.082414,"1","CM","CM"
"UNKN.HWD","b4",0.082414,"3","NM","NM"
"UNKN.HWD","b4",0.082414,"4","BSA","BSA"
"UNKN.HWD","b4",0.082414,"5","PAD","PAD"
"UNKN.HWD","b4",0.082414,"6","LBH","LBH"
"UNKN.HWD","b4",0.082414,"12","AP","AP"
"UNKN.HWD","b4",0.082414,"13","KU","KU"
"UNKN.HWD","b5",0.105204,"2","DMW","DMW"
"UNKN.HWD","b5",0.105204,"14","FP","FP"
"UNKN.HWD","b5",0.105204,"15","PRP","PRP"
"UNKN.HWD","b5",0.105204,"16","CP","CP"
"UNKN.HWD","b5",0.073231,"9","M","M"
"UNKN.HWD","b5",0.073231,"11","LF","LF"
"UNKN.HWD","b5",0.117909,"7","ALP","ALP"
"UNKN.HWD","b5",0.117909,"8","SA","SA"
"UNKN.HWD","b5",0.117909,"10","UF","UF"
"UNKN.HWD","b5",0.039234,"1","CM","CM"
"UNKN.HWD","b5",0.039234,"3","NM","NM"
"UNKN.HWD","b5",0.039234,"4","BSA","BSA"
"UNKN.HWD","b5",0.039234,"5","PAD","PAD"
"UNKN.HWD","b5",0.039234,"6","LBH","LBH"
"UNKN.HWD","b5",0.039234,"12","AP","AP"
"UNKN.HWD","b5",0.039234,"13","KU","KU"
"PICE.MAR","a0",0.957624,"7","ALP","ALP"
"PICE.MAR","a0",0.957624,"8","SA","SA"
"PICE.MAR","a0",0.957624,"9","M","M"
"PICE.MAR","a0",0.957624,"10","UF","UF"
"PICE.MAR","a0",0.957624,"11","LF","LF"
"PICE.MAR","a0",0.929037,"1","CM","CM"
"PICE.MAR","a0",0.929037,"2","DMW","DMW"
"PICE.MAR","a0",0.929037,"3","NM","NM"
"PICE.MAR","a0",0.929037,"4","BSA","BSA"
"PICE.MAR","a0",0.929037,"5","PAD","PAD"
"PICE.MAR","a0",0.929037,"6","LBH","LBH"
"PICE.MAR","a0",0.929037,"12","AP","AP"
"PICE.MAR","a0",0.929037,"13","KU","KU"
"PICE.MAR","a0",0.929037,"14","FP","FP"
"PICE.MAR","a0",0.929037,"15","PRP","PRP"
"PICE.MAR","a0",0.929037,"16","CP","CP"
"PICE.MAR","a0",0.940695,NA,"Province","Province"
"PICE.MAR","a1",0.94674,"7","ALP","ALP"
"PICE.MAR","a1",0.94674,"8","SA","SA"
"PICE.MAR","a1",0.94674,"9","M","M"
"PICE.MAR","a1",0.94674,"10","UF","UF"
"PICE.MAR","a1",0.94674,"11","LF","LF"
"PICE.MAR","a1",0.967718,"1","CM","CM"
"PICE.MAR","a1",0.967718,"2","DMW","DMW"
"PICE.MAR","a1",0.967718,"3","NM","NM"
"PICE.MAR","a1",0.967718,"4","BSA","BSA"
"PICE.MAR","a1",0.967718,"5","PAD","PAD"
"PICE.MAR","a1",0.967718,"6","LBH","LBH"
"PICE.MAR","a1",0.967718,"12","AP","AP"
"PICE.MAR","a1",0.967718,"13","KU","KU"
"PICE.MAR","a1",0.967718,"14","FP","FP"
"PICE.MAR","a1",0.967718,"15","PRP","PRP"
"PICE.MAR","a1",0.967718,"16","CP","CP"
"PICE.MAR","a1",0.957211,NA,"Province","Province"
"PICE.MAR","a2",1.000452,"7","ALP","ALP"
"PICE.MAR","a2",1.000452,"8","SA","SA"
"PICE.MAR","a2",1.000452,"9","M","M"
"PICE.MAR","a2",1.000452,"10","UF","UF"
"PICE.MAR","a2",1.000452,"11","LF","LF"
"PICE.MAR","a2",0.998511,"1","CM","CM"
"PICE.MAR","a2",0.998511,"2","DMW","DMW"
"PICE.MAR","a2",0.998511,"3","NM","NM"
"PICE.MAR","a2",0.998511,"4","BSA","BSA"
"PICE.MAR","a2",0.998511,"5","PAD","PAD"
"PICE.MAR","a2",0.998511,"6","LBH","LBH"
"PICE.MAR","a2",0.998511,"12","AP","AP"
"PICE.MAR","a2",0.998511,"13","KU","KU"
"PICE.MAR","a2",0.998511,"14","FP","FP"
"PICE.MAR","a2",0.998511,"15","PRP","PRP"
"PICE.MAR","a2",0.998511,"16","CP","CP"
"PICE.MAR","a2",0.99964,NA,"Province","Province"
"PICE.MAR","b1",1.430462,"7","ALP","ALP"
"PICE.MAR","b1",1.430462,"8","SA","SA"
"PICE.MAR","b1",1.430462,"9","M","M"
"PICE.MAR","b1",1.430462,"10","UF","UF"
"PICE.MAR","b1",1.430462,"11","LF","LF"
"PICE.MAR","b1",1.236597,"1","CM","CM"
"PICE.MAR","b1",1.236597,"2","DMW","DMW"
"PICE.MAR","b1",1.236597,"3","NM","NM"
"PICE.MAR","b1",1.236597,"4","BSA","BSA"
"PICE.MAR","b1",1.236597,"5","PAD","PAD"
"PICE.MAR","b1",1.236597,"6","LBH","LBH"
"PICE.MAR","b1",1.236597,"12","AP","AP"
"PICE.MAR","b1",1.236597,"13","KU","KU"
"PICE.MAR","b1",1.236597,"14","FP","FP"
"PICE.MAR","b1",1.236597,"15","PRP","PRP"
"PICE.MAR","b1",1.236597,"16","CP","CP"
"PICE.MAR","b1",1.395784,NA,"Province","Province"
"PICE.MAR","b2",-0.356702,"7","ALP","ALP"
"PICE.MAR","b2",-0.356702,"8","SA","SA"
"PICE.MAR","b2",-0.356702,"9","M","M"
"PICE.MAR","b2",-0.356702,"10","UF","UF"
"PICE.MAR","b2",-0.356702,"11","LF","LF"
"PICE.MAR","b2",-0.308204,"1","CM","CM"
"PICE.MAR","b2",-0.308204,"2","DMW","DMW"
"PICE.MAR","b2",-0.308204,"3","NM","NM"
"PICE.MAR","b2",-0.308204,"4","BSA","BSA"
"PICE.MAR","b2",-0.308204,"5","PAD","PAD"
"PICE.MAR","b2",-0.308204,"6","LBH","LBH"
"PICE.MAR","b2",-0.308204,"12","AP","AP"
"PICE.MAR","b2",-0.308204,"13","KU","KU"
"PICE.MAR","b2",-0.308204,"14","FP","FP"
"PICE.MAR","b2",-0.308204,"15","PRP","PRP"
"PICE.MAR","b2",-0.308204,"16","CP","CP"
"PICE.MAR","b2",-0.344672,NA,"Province","Province"
"PICE.MAR","b3",2.950725,"7","ALP","ALP"
"PICE.MAR","b3",2.950725,"8","SA","SA"
"PICE.MAR","b3",2.950725,"9","M","M"
"PICE.MAR","b3",2.950725,"10","UF","UF"
"PICE.MAR","b3",2.950725,"11","LF","LF"
"PICE.MAR","b3",2.535507,"1","CM","CM"
"PICE.MAR","b3",2.535507,"2","DMW","DMW"
"PICE.MAR","b3",2.535507,"3","NM","NM"
"PICE.MAR","b3",2.535507,"4","BSA","BSA"
"PICE.MAR","b3",2.535507,"5","PAD","PAD"
"PICE.MAR","b3",2.535507,"6","LBH","LBH"
"PICE.MAR","b3",2.535507,"12","AP","AP"
"PICE.MAR","b3",2.535507,"13","KU","KU"
"PICE.MAR","b3",2.535507,"14","FP","FP"
"PICE.MAR","b3",2.535507,"15","PRP","PRP"
"PICE.MAR","b3",2.535507,"16","CP","CP"
"PICE.MAR","b3",2.835917,NA,"Province","Province"
"PICE.MAR","b4",-1.455471,"7","ALP","ALP"
"PICE.MAR","b4",-1.455471,"8","SA","SA"
"PICE.MAR","b4",-1.455471,"9","M","M"
"PICE.MAR","b4",-1.455471,"10","UF","UF"
"PICE.MAR","b4",-1.455471,"11","LF","LF"
"PICE.MAR","b4",-1.22206,"1","CM","CM"
"PICE.MAR","b4",-1.22206,"2","DMW","DMW"
"PICE.MAR","b4",-1.22206,"3","NM","NM"
"PICE.MAR","b4",-1.22206,"4","BSA","BSA"
"PICE.MAR","b4",-1.22206,"5","PAD","PAD"
"PICE.MAR","b4",-1.22206,"6","LBH","LBH"
"PICE.MAR","b4",-1.22206,"12","AP","AP"
"PICE.MAR","b4",-1.22206,"13","KU","KU"
"PICE.MAR","b4",-1.22206,"14","FP","FP"
"PICE.MAR","b4",-1.22206,"15","PRP","PRP"
"PICE.MAR","b4",-1.22206,"16","CP","CP"
"PICE.MAR","b4",-1.39646,NA,"Province","Province"
"PICE.MAR","b5",0.154263,"7","ALP","ALP"
"PICE.MAR","b5",0.154263,"8","SA","SA"
"PICE.MAR","b5",0.154263,"9","M","M"
"PICE.MAR","b5",0.154263,"10","UF","UF"
"PICE.MAR","b5",0.154263,"11","LF","LF"
"PICE.MAR","b5",0.146243,"1","CM","CM"
"PICE.MAR","b5",0.146243,"2","DMW","DMW"
"PICE.MAR","b5",0.146243,"3","NM","NM"
"PICE.MAR","b5",0.146243,"4","BSA","BSA"
"PICE.MAR","b5",0.146243,"5","PAD","PAD"
"PICE.MAR","b5",0.146243,"6","LBH","LBH"
"PICE.MAR","b5",0.146243,"12","AP","AP"
"PICE.MAR","b5",0.146243,"13","KU","KU"
"PICE.MAR","b5",0.146243,"14","FP","FP"
"PICE.MAR","b5",0.146243,"15","PRP","PRP"
"PICE.MAR","b5",0.146243,"16","CP","CP"
"PICE.MAR","b5",0.152487,NA,"Province","Province"
"ABIE.BAL","a0",0.918647,"1","CM","CM"
"ABIE.BAL","a0",0.918647,"2","DMW","DMW"
"ABIE.BAL","a0",0.918647,"3","NM","NM"
"ABIE.BAL","a0",0.918647,"4","BSA","BSA"
"ABIE.BAL","a0",0.918647,"5","PAD","PAD"
"ABIE.BAL","a0",0.918647,"6","LBH","LBH"
"ABIE.BAL","a0",0.918647,"9","M","M"
"ABIE.BAL","a0",0.918647,"11","LF","LF"
"ABIE.BAL","a0",0.918647,"12","AP","AP"
"ABIE.BAL","a0",0.918647,"13","KU","KU"
"ABIE.BAL","a0",0.918647,"14","FP","FP"
"ABIE.BAL","a0",0.918647,"15","PRP","PRP"
"ABIE.BAL","a0",0.918647,"16","CP","CP"
"ABIE.BAL","a0",1.108006,"7","ALP","ALP"
"ABIE.BAL","a0",1.108006,"8","SA","SA"
"ABIE.BAL","a0",1.108006,"10","UF","UF"
"ABIE.BAL","a0",1.002016,NA,"Province","Province"
"ABIE.BAL","a1",0.990225,"1","CM","CM"
"ABIE.BAL","a1",0.990225,"2","DMW","DMW"
"ABIE.BAL","a1",0.990225,"3","NM","NM"
"ABIE.BAL","a1",0.990225,"4","BSA","BSA"
"ABIE.BAL","a1",0.990225,"5","PAD","PAD"
"ABIE.BAL","a1",0.990225,"6","LBH","LBH"
"ABIE.BAL","a1",0.990225,"9","M","M"
"ABIE.BAL","a1",0.990225,"11","LF","LF"
"ABIE.BAL","a1",0.990225,"12","AP","AP"
"ABIE.BAL","a1",0.990225,"13","KU","KU"
"ABIE.BAL","a1",0.990225,"14","FP","FP"
"ABIE.BAL","a1",0.990225,"15","PRP","PRP"
"ABIE.BAL","a1",0.990225,"16","CP","CP"
"ABIE.BAL","a1",0.89838,"7","ALP","ALP"
"ABIE.BAL","a1",0.89838,"8","SA","SA"
"ABIE.BAL","a1",0.89838,"10","UF","UF"
"ABIE.BAL","a1",0.944076,NA,"Province","Province"
"ABIE.BAL","a2",0.997292,"1","CM","CM"
"ABIE.BAL","a2",0.997292,"2","DMW","DMW"
"ABIE.BAL","a2",0.997292,"3","NM","NM"
"ABIE.BAL","a2",0.997292,"4","BSA","BSA"
"ABIE.BAL","a2",0.997292,"5","PAD","PAD"
"ABIE.BAL","a2",0.997292,"6","LBH","LBH"
"ABIE.BAL","a2",0.997292,"9","M","M"
"ABIE.BAL","a2",0.997292,"11","LF","LF"
"ABIE.BAL","a2",0.997292,"12","AP","AP"
"ABIE.BAL","a2",0.997292,"13","KU","KU"
"ABIE.BAL","a2",0.997292,"14","FP","FP"
"ABIE.BAL","a2",0.997292,"15","PRP","PRP"
"ABIE.BAL","a2",0.997292,"16","CP","CP"
"ABIE.BAL","a2",1.001816,"7","ALP","ALP"
"ABIE.BAL","a2",1.001816,"8","SA","SA"
"ABIE.BAL","a2",1.001816,"10","UF","UF"
"ABIE.BAL","a2",0.999921,NA,"Province","Province"
"ABIE.BAL","b1",1.568514,"1","CM","CM"
"ABIE.BAL","b1",1.568514,"2","DMW","DMW"
"ABIE.BAL","b1",1.568514,"3","NM","NM"
"ABIE.BAL","b1",1.568514,"4","BSA","BSA"
"ABIE.BAL","b1",1.568514,"5","PAD","PAD"
"ABIE.BAL","b1",1.568514,"6","LBH","LBH"
"ABIE.BAL","b1",1.568514,"9","M","M"
"ABIE.BAL","b1",1.568514,"11","LF","LF"
"ABIE.BAL","b1",1.568514,"12","AP","AP"
"ABIE.BAL","b1",1.568514,"13","KU","KU"
"ABIE.BAL","b1",1.568514,"14","FP","FP"
"ABIE.BAL","b1",1.568514,"15","PRP","PRP"
"ABIE.BAL","b1",1.568514,"16","CP","CP"
"ABIE.BAL","b1",1.338336,"7","ALP","ALP"
"ABIE.BAL","b1",1.338336,"8","SA","SA"
"ABIE.BAL","b1",1.338336,"10","UF","UF"
"ABIE.BAL","b1",1.33633,NA,"Province","Province"
"ABIE.BAL","b2",-0.384262,"1","CM","CM"
"ABIE.BAL","b2",-0.384262,"2","DMW","DMW"
"ABIE.BAL","b2",-0.384262,"3","NM","NM"
"ABIE.BAL","b2",-0.384262,"4","BSA","BSA"
"ABIE.BAL","b2",-0.384262,"5","PAD","PAD"
"ABIE.BAL","b2",-0.384262,"6","LBH","LBH"
"ABIE.BAL","b2",-0.384262,"9","M","M"
"ABIE.BAL","b2",-0.384262,"11","LF","LF"
"ABIE.BAL","b2",-0.384262,"12","AP","AP"
"ABIE.BAL","b2",-0.384262,"13","KU","KU"
"ABIE.BAL","b2",-0.384262,"14","FP","FP"
"ABIE.BAL","b2",-0.384262,"15","PRP","PRP"
"ABIE.BAL","b2",-0.384262,"16","CP","CP"
"ABIE.BAL","b2",-0.30463,"7","ALP","ALP"
"ABIE.BAL","b2",-0.30463,"8","SA","SA"
"ABIE.BAL","b2",-0.30463,"10","UF","UF"
"ABIE.BAL","b2",-0.320352,NA,"Province","Province"
"ABIE.BAL","b3",3.503466,"1","CM","CM"
"ABIE.BAL","b3",3.503466,"2","DMW","DMW"
"ABIE.BAL","b3",3.503466,"3","NM","NM"
"ABIE.BAL","b3",3.503466,"4","BSA","BSA"
"ABIE.BAL","b3",3.503466,"5","PAD","PAD"
"ABIE.BAL","b3",3.503466,"6","LBH","LBH"
"ABIE.BAL","b3",3.503466,"9","M","M"
"ABIE.BAL","b3",3.503466,"11","LF","LF"
"ABIE.BAL","b3",3.503466,"12","AP","AP"
"ABIE.BAL","b3",3.503466,"13","KU","KU"
"ABIE.BAL","b3",3.503466,"14","FP","FP"
"ABIE.BAL","b3",3.503466,"15","PRP","PRP"
"ABIE.BAL","b3",3.503466,"16","CP","CP"
"ABIE.BAL","b3",2.694363,"7","ALP","ALP"
"ABIE.BAL","b3",2.694363,"8","SA","SA"
"ABIE.BAL","b3",2.694363,"10","UF","UF"
"ABIE.BAL","b3",2.839497,NA,"Province","Province"
"ABIE.BAL","b4",-1.677185,"1","CM","CM"
"ABIE.BAL","b4",-1.677185,"2","DMW","DMW"
"ABIE.BAL","b4",-1.677185,"3","NM","NM"
"ABIE.BAL","b4",-1.677185,"4","BSA","BSA"
"ABIE.BAL","b4",-1.677185,"5","PAD","PAD"
"ABIE.BAL","b4",-1.677185,"6","LBH","LBH"
"ABIE.BAL","b4",-1.677185,"9","M","M"
"ABIE.BAL","b4",-1.677185,"11","LF","LF"
"ABIE.BAL","b4",-1.677185,"12","AP","AP"
"ABIE.BAL","b4",-1.677185,"13","KU","KU"
"ABIE.BAL","b4",-1.677185,"14","FP","FP"
"ABIE.BAL","b4",-1.677185,"15","PRP","PRP"
"ABIE.BAL","b4",-1.677185,"16","CP","CP"
"ABIE.BAL","b4",-1.277617,"7","ALP","ALP"
"ABIE.BAL","b4",-1.277617,"8","SA","SA"
"ABIE.BAL","b4",-1.277617,"10","UF","UF"
"ABIE.BAL","b4",-1.324815,NA,"Province","Province"
"ABIE.BAL","b5",0.128169,"1","CM","CM"
"ABIE.BAL","b5",0.128169,"2","DMW","DMW"
"ABIE.BAL","b5",0.128169,"3","NM","NM"
"ABIE.BAL","b5",0.128169,"4","BSA","BSA"
"ABIE.BAL","b5",0.128169,"5","PAD","PAD"
"ABIE.BAL","b5",0.128169,"6","LBH","LBH"
"ABIE.BAL","b5",0.128169,"9","M","M"
"ABIE.BAL","b5",0.128169,"11","LF","LF"
"ABIE.BAL","b5",0.128169,"12","AP","AP"
"ABIE.BAL","b5",0.128169,"13","KU","KU"
"ABIE.BAL","b5",0.128169,"14","FP","FP"
"ABIE.BAL","b5",0.128169,"15","PRP","PRP"
"ABIE.BAL","b5",0.128169,"16","CP","CP"
"ABIE.BAL","b5",0.087438,"7","ALP","ALP"
"ABIE.BAL","b5",0.087438,"8","SA","SA"
"ABIE.BAL","b5",0.087438,"10","UF","UF"
"ABIE.BAL","b5",0.077452,NA,"Province","Province"
"POPU.TRE","a0",0.944522,"2","DMW","DMW"
"POPU.TRE","a0",0.944522,"14","FP","FP"
"POPU.TRE","a0",0.944522,"15","PRP","PRP"
"POPU.TRE","a0",0.944522,"16","CP","CP"
"POPU.TRE","a0",0.905615,"9","M","M"
"POPU.TRE","a0",0.905615,"11","LF","LF"
"POPU.TRE","a0",0.588838,"7","ALP","ALP"
"POPU.TRE","a0",0.588838,"8","SA","SA"
"POPU.TRE","a0",0.588838,"10","UF","UF"
"POPU.TRE","a0",0.841897,"1","CM","CM"
"POPU.TRE","a0",0.841897,"3","NM","NM"
"POPU.TRE","a0",0.841897,"4","BSA","BSA"
"POPU.TRE","a0",0.841897,"5","PAD","PAD"
"POPU.TRE","a0",0.841897,"6","LBH","LBH"
"POPU.TRE","a0",0.841897,"12","AP","AP"
"POPU.TRE","a0",0.841897,"13","KU","KU"
"POPU.TRE","a0",0.790406,NA,"Province","Province"
"POPU.TRE","a1",0.93803,"2","DMW","DMW"
"POPU.TRE","a1",0.93803,"14","FP","FP"
"POPU.TRE","a1",0.93803,"15","PRP","PRP"
"POPU.TRE","a1",0.93803,"16","CP","CP"
"POPU.TRE","a1",0.964894,"9","M","M"
"POPU.TRE","a1",0.964894,"11","LF","LF"
"POPU.TRE","a1",1.161895,"7","ALP","ALP"
"POPU.TRE","a1",1.161895,"8","SA","SA"
"POPU.TRE","a1",1.161895,"10","UF","UF"
"POPU.TRE","a1",0.997064,"1","CM","CM"
"POPU.TRE","a1",0.997064,"3","NM","NM"
"POPU.TRE","a1",0.997064,"4","BSA","BSA"
"POPU.TRE","a1",0.997064,"5","PAD","PAD"
"POPU.TRE","a1",0.997064,"6","LBH","LBH"
"POPU.TRE","a1",0.997064,"12","AP","AP"
"POPU.TRE","a1",0.997064,"13","KU","KU"
"POPU.TRE","a1",1.026943,NA,"Province","Province"
"POPU.TRE","a2",1.001644,"2","DMW","DMW"
"POPU.TRE","a2",1.001644,"14","FP","FP"
"POPU.TRE","a2",1.001644,"15","PRP","PRP"
"POPU.TRE","a2",1.001644,"16","CP","CP"
"POPU.TRE","a2",1.000054,"9","M","M"
"POPU.TRE","a2",1.000054,"11","LF","LF"
"POPU.TRE","a2",0.992096,"7","ALP","ALP"
"POPU.TRE","a2",0.992096,"8","SA","SA"
"POPU.TRE","a2",0.992096,"10","UF","UF"
"POPU.TRE","a2",0.998713,"1","CM","CM"
"POPU.TRE","a2",0.998713,"3","NM","NM"
"POPU.TRE","a2",0.998713,"4","BSA","BSA"
"POPU.TRE","a2",0.998713,"5","PAD","PAD"
"POPU.TRE","a2",0.998713,"6","LBH","LBH"
"POPU.TRE","a2",0.998713,"12","AP","AP"
"POPU.TRE","a2",0.998713,"13","KU","KU"
"POPU.TRE","a2",0.997524,NA,"Province","Province"
"POPU.TRE","b1",0.695363,"2","DMW","DMW"
"POPU.TRE","b1",0.695363,"14","FP","FP"
"POPU.TRE","b1",0.695363,"15","PRP","PRP"
"POPU.TRE","b1",0.695363,"16","CP","CP"
"POPU.TRE","b1",0.553236,"9","M","M"
"POPU.TRE","b1",0.553236,"11","LF","LF"
"POPU.TRE","b1",0.7093,"7","ALP","ALP"
"POPU.TRE","b1",0.7093,"8","SA","SA"
"POPU.TRE","b1",0.7093,"10","UF","UF"
"POPU.TRE","b1",0.536865,"1","CM","CM"
"POPU.TRE","b1",0.536865,"3","NM","NM"
"POPU.TRE","b1",0.536865,"4","BSA","BSA"
"POPU.TRE","b1",0.536865,"5","PAD","PAD"
"POPU.TRE","b1",0.536865,"6","LBH","LBH"
"POPU.TRE","b1",0.536865,"12","AP","AP"
"POPU.TRE","b1",0.536865,"13","KU","KU"
"POPU.TRE","b1",0.600584,NA,"Province","Province"
"POPU.TRE","b2",-0.067849,"2","DMW","DMW"
"POPU.TRE","b2",-0.067849,"14","FP","FP"
"POPU.TRE","b2",-0.067849,"15","PRP","PRP"
"POPU.TRE","b2",-0.067849,"16","CP","CP"
"POPU.TRE","b2",-0.049737,"9","M","M"
"POPU.TRE","b2",-0.049737,"11","LF","LF"
"POPU.TRE","b2",-0.075446,"7","ALP","ALP"
"POPU.TRE","b2",-0.075446,"8","SA","SA"
"POPU.TRE","b2",-0.075446,"10","UF","UF"
"POPU.TRE","b2",-0.06402,"1","CM","CM"
"POPU.TRE","b2",-0.06402,"3","NM","NM"
"POPU.TRE","b2",-0.06402,"4","BSA","BSA"
"POPU.TRE","b2",-0.06402,"5","PAD","PAD"
"POPU.TRE","b2",-0.06402,"6","LBH","LBH"
"POPU.TRE","b2",-0.06402,"12","AP","AP"
"POPU.TRE","b2",-0.06402,"13","KU","KU"
"POPU.TRE","b2",-0.065681,NA,"Province","Province"
"POPU.TRE","b3",0.050603,"2","DMW","DMW"
"POPU.TRE","b3",0.050603,"14","FP","FP"
"POPU.TRE","b3",0.050603,"15","PRP","PRP"
"POPU.TRE","b3",0.050603,"16","CP","CP"
"POPU.TRE","b3",-0.280768,"9","M","M"
"POPU.TRE","b3",-0.280768,"11","LF","LF"
"POPU.TRE","b3",-0.116041,"7","ALP","ALP"
"POPU.TRE","b3",-0.116041,"8","SA","SA"
"POPU.TRE","b3",-0.116041,"10","UF","UF"
"POPU.TRE","b3",-0.234471,"1","CM","CM"
"POPU.TRE","b3",-0.234471,"3","NM","NM"
"POPU.TRE","b3",-0.234471,"4","BSA","BSA"
"POPU.TRE","b3",-0.234471,"5","PAD","PAD"
"POPU.TRE","b3",-0.234471,"6","LBH","LBH"
"POPU.TRE","b3",-0.234471,"12","AP","AP"
"POPU.TRE","b3",-0.234471,"13","KU","KU"
"POPU.TRE","b3",-0.173812,NA,"Province","Province"
"POPU.TRE","b4",-0.01633,"2","DMW","DMW"
"POPU.TRE","b4",-0.01633,"14","FP","FP"
"POPU.TRE","b4",-0.01633,"15","PRP","PRP"
"POPU.TRE","b4",-0.01633,"16","CP","CP"
"POPU.TRE","b4",0.170687,"9","M","M"
"POPU.TRE","b4",0.170687,"11","LF","LF"
"POPU.TRE","b4",0.040949,"7","ALP","ALP"
"POPU.TRE","b4",0.040949,"8","SA","SA"
"POPU.TRE","b4",0.040949,"10","UF","UF"
"POPU.TRE","b4",0.179963,"1","CM","CM"
"POPU.TRE","b4",0.179963,"3","NM","NM"
"POPU.TRE","b4",0.179963,"4","BSA","BSA"
"POPU.TRE","b4",0.179963,"5","PAD","PAD"
"POPU.TRE","b4",0.179963,"6","LBH","LBH"
"POPU.TRE","b4",0.179963,"12","AP","AP"
"POPU.TRE","b4",0.179963,"13","KU","KU"
"POPU.TRE","b4",0.121363,NA,"Province","Province"
"POPU.TRE","b5",0.116432,"2","DMW","DMW"
"POPU.TRE","b5",0.116432,"14","FP","FP"
"POPU.TRE","b5",0.116432,"15","PRP","PRP"
"POPU.TRE","b5",0.116432,"16","CP","CP"
"POPU.TRE","b5",0.075789,"9","M","M"
"POPU.TRE","b5",0.075789,"11","LF","LF"
"POPU.TRE","b5",0.113638,"7","ALP","ALP"
"POPU.TRE","b5",0.113638,"8","SA","SA"
"POPU.TRE","b5",0.113638,"10","UF","UF"
"POPU.TRE","b5",0.03155,"1","CM","CM"
"POPU.TRE","b5",0.03155,"3","NM","NM"
"POPU.TRE","b5",0.03155,"4","BSA","BSA"
"POPU.TRE","b5",0.03155,"5","PAD","PAD"
"POPU.TRE","b5",0.03155,"6","LBH","LBH"
"POPU.TRE","b5",0.03155,"12","AP","AP"
"POPU.TRE","b5",0.03155,"13","KU","KU"
"POPU.TRE","b5",0.063253,NA,"Province","Province"
"POPU.BAL","a0",0.913329,"7","ALP","ALP"
"POPU.BAL","a0",0.913329,"8","SA","SA"
"POPU.BAL","a0",0.913329,"9","M","M"
"POPU.BAL","a0",0.913329,"10","UF","UF"
"POPU.BAL","a0",0.913329,"11","LF","LF"
"POPU.BAL","a0",0.913329,"14","FP","FP"
"POPU.BAL","a0",0.80437,"1","CM","CM"
"POPU.BAL","a0",0.80437,"2","DMW","DMW"
"POPU.BAL","a0",0.80437,"3","NM","NM"
"POPU.BAL","a0",0.80437,"4","BSA","BSA"
"POPU.BAL","a0",0.80437,"5","PAD","PAD"
"POPU.BAL","a0",0.80437,"6","LBH","LBH"
"POPU.BAL","a0",0.80437,"12","AP","AP"
"POPU.BAL","a0",0.80437,"13","KU","KU"
"POPU.BAL","a0",0.80437,"15","PRP","PRP"
"POPU.BAL","a0",0.80437,"16","CP","CP"
"POPU.BAL","a0",0.861179,NA,"Province","Province"
"POPU.BAL","a1",0.92259,"7","ALP","ALP"
"POPU.BAL","a1",0.92259,"8","SA","SA"
"POPU.BAL","a1",0.92259,"9","M","M"
"POPU.BAL","a1",0.92259,"10","UF","UF"
"POPU.BAL","a1",0.92259,"11","LF","LF"
"POPU.BAL","a1",0.92259,"14","FP","FP"
"POPU.BAL","a1",0.982874,"1","CM","CM"
"POPU.BAL","a1",0.982874,"2","DMW","DMW"
"POPU.BAL","a1",0.982874,"3","NM","NM"
"POPU.BAL","a1",0.982874,"4","BSA","BSA"
"POPU.BAL","a1",0.982874,"5","PAD","PAD"
"POPU.BAL","a1",0.982874,"6","LBH","LBH"
"POPU.BAL","a1",0.982874,"12","AP","AP"
"POPU.BAL","a1",0.982874,"13","KU","KU"
"POPU.BAL","a1",0.982874,"15","PRP","PRP"
"POPU.BAL","a1",0.982874,"16","CP","CP"
"POPU.BAL","a1",0.951483,NA,"Province","Province"
"POPU.BAL","a2",1.002574,"7","ALP","ALP"
"POPU.BAL","a2",1.002574,"8","SA","SA"
"POPU.BAL","a2",1.002574,"9","M","M"
"POPU.BAL","a2",1.002574,"10","UF","UF"
"POPU.BAL","a2",1.002574,"11","LF","LF"
"POPU.BAL","a2",1.002574,"14","FP","FP"
"POPU.BAL","a2",0.999527,"1","CM","CM"
"POPU.BAL","a2",0.999527,"2","DMW","DMW"
"POPU.BAL","a2",0.999527,"3","NM","NM"
"POPU.BAL","a2",0.999527,"4","BSA","BSA"
"POPU.BAL","a2",0.999527,"5","PAD","PAD"
"POPU.BAL","a2",0.999527,"6","LBH","LBH"
"POPU.BAL","a2",0.999527,"12","AP","AP"
"POPU.BAL","a2",0.999527,"13","KU","KU"
"POPU.BAL","a2",0.999527,"15","PRP","PRP"
"POPU.BAL","a2",0.999527,"16","CP","CP"
"POPU.BAL","a2",1.000957,NA,"Province","Province"
"POPU.BAL","b1",0.308448,"7","ALP","ALP"
"POPU.BAL","b1",0.308448,"8","SA","SA"
"POPU.BAL","b1",0.308448,"9","M","M"
"POPU.BAL","b1",0.308448,"10","UF","UF"
"POPU.BAL","b1",0.308448,"11","LF","LF"
"POPU.BAL","b1",0.308448,"14","FP","FP"
"POPU.BAL","b1",0.996958,"1","CM","CM"
"POPU.BAL","b1",0.996958,"2","DMW","DMW"
"POPU.BAL","b1",0.996958,"3","NM","NM"
"POPU.BAL","b1",0.996958,"4","BSA","BSA"
"POPU.BAL","b1",0.996958,"5","PAD","PAD"
"POPU.BAL","b1",0.996958,"6","LBH","LBH"
"POPU.BAL","b1",0.996958,"12","AP","AP"
"POPU.BAL","b1",0.996958,"13","KU","KU"
"POPU.BAL","b1",0.996958,"15","PRP","PRP"
"POPU.BAL","b1",0.996958,"16","CP","CP"
"POPU.BAL","b1",0.752581,NA,"Province","Province"
"POPU.BAL","b2",-0.06567,"7","ALP","ALP"
"POPU.BAL","b2",-0.06567,"8","SA","SA"
"POPU.BAL","b2",-0.06567,"9","M","M"
"POPU.BAL","b2",-0.06567,"10","UF","UF"
"POPU.BAL","b2",-0.06567,"11","LF","LF"
"POPU.BAL","b2",-0.06567,"14","FP","FP"
"POPU.BAL","b2",-0.223248,"1","CM","CM"
"POPU.BAL","b2",-0.223248,"2","DMW","DMW"
"POPU.BAL","b2",-0.223248,"3","NM","NM"
"POPU.BAL","b2",-0.223248,"4","BSA","BSA"
"POPU.BAL","b2",-0.223248,"5","PAD","PAD"
"POPU.BAL","b2",-0.223248,"6","LBH","LBH"
"POPU.BAL","b2",-0.223248,"12","AP","AP"
"POPU.BAL","b2",-0.223248,"13","KU","KU"
"POPU.BAL","b2",-0.223248,"15","PRP","PRP"
"POPU.BAL","b2",-0.223248,"16","CP","CP"
"POPU.BAL","b2",-0.167305,NA,"Province","Province"
"POPU.BAL","b3",-0.10213,"7","ALP","ALP"
"POPU.BAL","b3",-0.10213,"8","SA","SA"
"POPU.BAL","b3",-0.10213,"9","M","M"
"POPU.BAL","b3",-0.10213,"10","UF","UF"
"POPU.BAL","b3",-0.10213,"11","LF","LF"
"POPU.BAL","b3",-0.10213,"14","FP","FP"
"POPU.BAL","b3",1.106731,"1","CM","CM"
"POPU.BAL","b3",1.106731,"2","DMW","DMW"
"POPU.BAL","b3",1.106731,"3","NM","NM"
"POPU.BAL","b3",1.106731,"4","BSA","BSA"
"POPU.BAL","b3",1.106731,"5","PAD","PAD"
"POPU.BAL","b3",1.106731,"6","LBH","LBH"
"POPU.BAL","b3",1.106731,"12","AP","AP"
"POPU.BAL","b3",1.106731,"13","KU","KU"
"POPU.BAL","b3",1.106731,"15","PRP","PRP"
"POPU.BAL","b3",1.106731,"16","CP","CP"
"POPU.BAL","b3",0.693611,NA,"Province","Province"
"POPU.BAL","b4",0.226336,"7","ALP","ALP"
"POPU.BAL","b4",0.226336,"8","SA","SA"
"POPU.BAL","b4",0.226336,"9","M","M"
"POPU.BAL","b4",0.226336,"10","UF","UF"
"POPU.BAL","b4",0.226336,"11","LF","LF"
"POPU.BAL","b4",0.226336,"14","FP","FP"
"POPU.BAL","b4",-0.459817,"1","CM","CM"
"POPU.BAL","b4",-0.459817,"2","DMW","DMW"
"POPU.BAL","b4",-0.459817,"3","NM","NM"
"POPU.BAL","b4",-0.459817,"4","BSA","BSA"
"POPU.BAL","b4",-0.459817,"5","PAD","PAD"
"POPU.BAL","b4",-0.459817,"6","LBH","LBH"
"POPU.BAL","b4",-0.459817,"12","AP","AP"
"POPU.BAL","b4",-0.459817,"13","KU","KU"
"POPU.BAL","b4",-0.459817,"15","PRP","PRP"
"POPU.BAL","b4",-0.459817,"16","CP","CP"
"POPU.BAL","b4",-0.224137,NA,"Province","Province"
"POPU.BAL","b5",0.023148,"7","ALP","ALP"
"POPU.BAL","b5",0.023148,"8","SA","SA"
"POPU.BAL","b5",0.023148,"9","M","M"
"POPU.BAL","b5",0.023148,"10","UF","UF"
"POPU.BAL","b5",0.023148,"11","LF","LF"
"POPU.BAL","b5",0.023148,"14","FP","FP"
"POPU.BAL","b5",-0.003392,"1","CM","CM"
"POPU.BAL","b5",-0.003392,"2","DMW","DMW"
"POPU.BAL","b5",-0.003392,"3","NM","NM"
"POPU.BAL","b5",-0.003392,"4","BSA","BSA"
"POPU.BAL","b5",-0.003392,"5","PAD","PAD"
"POPU.BAL","b5",-0.003392,"6","LBH","LBH"
"POPU.BAL","b5",-0.003392,"12","AP","AP"
"POPU.BAL","b5",-0.003392,"13","KU","KU"
"POPU.BAL","b5",-0.003392,"15","PRP","PRP"
"POPU.BAL","b5",-0.003392,"16","CP","CP"
"POPU.BAL","b5",0.008214,NA,"Province","Province"
"PICE.GLA","a0",0.713393,"7","ALP","ALP"
"PICE.GLA","a0",0.713393,"8","SA","SA"
"PICE.GLA","a0",0.713393,"10","UF","UF"
"PICE.GLA","a0",0.903528,"1","CM","CM"
"PICE.GLA","a0",0.903528,"2","DMW","DMW"
"PICE.GLA","a0",0.903528,"3","NM","NM"
"PICE.GLA","a0",0.903528,"4","BSA","BSA"
"PICE.GLA","a0",0.903528,"5","PAD","PAD"
"PICE.GLA","a0",0.903528,"6","LBH","LBH"
"PICE.GLA","a0",0.903528,"12","AP","AP"
"PICE.GLA","a0",0.903528,"13","KU","KU"
"PICE.GLA","a0",0.903528,"15","PRP","PRP"
"PICE.GLA","a0",0.903528,"16","CP","CP"
"PICE.GLA","a0",0.862685,"9","M","M"
"PICE.GLA","a0",0.862685,"11","LF","LF"
"PICE.GLA","a0",0.862685,"14","FP","FP"
"PICE.GLA","a0",0.860438,NA,"Province","Province"
"PICE.GLA","a1",1.071533,"7","ALP","ALP"
"PICE.GLA","a1",1.071533,"8","SA","SA"
"PICE.GLA","a1",1.071533,"10","UF","UF"
"PICE.GLA","a1",0.975136,"1","CM","CM"
"PICE.GLA","a1",0.975136,"2","DMW","DMW"
"PICE.GLA","a1",0.975136,"3","NM","NM"
"PICE.GLA","a1",0.975136,"4","BSA","BSA"
"PICE.GLA","a1",0.975136,"5","PAD","PAD"
"PICE.GLA","a1",0.975136,"6","LBH","LBH"
"PICE.GLA","a1",0.975136,"12","AP","AP"
"PICE.GLA","a1",0.975136,"13","KU","KU"
"PICE.GLA","a1",0.975136,"15","PRP","PRP"
"PICE.GLA","a1",0.975136,"16","CP","CP"
"PICE.GLA","a1",0.993148,"9","M","M"
"PICE.GLA","a1",0.993148,"11","LF","LF"
"PICE.GLA","a1",0.993148,"14","FP","FP"
"PICE.GLA","a1",0.995406,NA,"Province","Province"
"PICE.GLA","a2",0.996067,"7","ALP","ALP"
"PICE.GLA","a2",0.996067,"8","SA","SA"
"PICE.GLA","a2",0.996067,"10","UF","UF"
"PICE.GLA","a2",0.999018,"1","CM","CM"
"PICE.GLA","a2",0.999018,"2","DMW","DMW"
"PICE.GLA","a2",0.999018,"3","NM","NM"
"PICE.GLA","a2",0.999018,"4","BSA","BSA"
"PICE.GLA","a2",0.999018,"5","PAD","PAD"
"PICE.GLA","a2",0.999018,"6","LBH","LBH"
"PICE.GLA","a2",0.999018,"12","AP","AP"
"PICE.GLA","a2",0.999018,"13","KU","KU"
"PICE.GLA","a2",0.999018,"15","PRP","PRP"
"PICE.GLA","a2",0.999018,"16","CP","CP"
"PICE.GLA","a2",0.998773,"9","M","M"
"PICE.GLA","a2",0.998773,"11","LF","LF"
"PICE.GLA","a2",0.998773,"14","FP","FP"
"PICE.GLA","a2",0.998493,NA,"Province","Province"
"PICE.GLA","b1",1.153679,"7","ALP","ALP"
"PICE.GLA","b1",1.153679,"8","SA","SA"
"PICE.GLA","b1",1.153679,"10","UF","UF"
"PICE.GLA","b1",0.846981,"1","CM","CM"
"PICE.GLA","b1",0.846981,"2","DMW","DMW"
"PICE.GLA","b1",0.846981,"3","NM","NM"
"PICE.GLA","b1",0.846981,"4","BSA","BSA"
"PICE.GLA","b1",0.846981,"5","PAD","PAD"
"PICE.GLA","b1",0.846981,"6","LBH","LBH"
"PICE.GLA","b1",0.846981,"12","AP","AP"
"PICE.GLA","b1",0.846981,"13","KU","KU"
"PICE.GLA","b1",0.846981,"15","PRP","PRP"
"PICE.GLA","b1",0.846981,"16","CP","CP"
"PICE.GLA","b1",1.135018,"9","M","M"
"PICE.GLA","b1",1.135018,"11","LF","LF"
"PICE.GLA","b1",1.135018,"14","FP","FP"
"PICE.GLA","b1",1.040218,NA,"Province","Province"
"PICE.GLA","b2",-0.283807,"7","ALP","ALP"
"PICE.GLA","b2",-0.283807,"8","SA","SA"
"PICE.GLA","b2",-0.283807,"10","UF","UF"
"PICE.GLA","b2",-0.244969,"1","CM","CM"
"PICE.GLA","b2",-0.244969,"2","DMW","DMW"
"PICE.GLA","b2",-0.244969,"3","NM","NM"
"PICE.GLA","b2",-0.244969,"4","BSA","BSA"
"PICE.GLA","b2",-0.244969,"5","PAD","PAD"
"PICE.GLA","b2",-0.244969,"6","LBH","LBH"
"PICE.GLA","b2",-0.244969,"12","AP","AP"
"PICE.GLA","b2",-0.244969,"13","KU","KU"
"PICE.GLA","b2",-0.244969,"15","PRP","PRP"
"PICE.GLA","b2",-0.244969,"16","CP","CP"
"PICE.GLA","b2",-0.252377,"9","M","M"
"PICE.GLA","b2",-0.252377,"11","LF","LF"
"PICE.GLA","b2",-0.252377,"14","FP","FP"
"PICE.GLA","b2",-0.252387,NA,"Province","Province"
"PICE.GLA","b3",2.022713,"7","ALP","ALP"
"PICE.GLA","b3",2.022713,"8","SA","SA"
"PICE.GLA","b3",2.022713,"10","UF","UF"
"PICE.GLA","b3",1.783097,"1","CM","CM"
"PICE.GLA","b3",1.783097,"2","DMW","DMW"
"PICE.GLA","b3",1.783097,"3","NM","NM"
"PICE.GLA","b3",1.783097,"4","BSA","BSA"
"PICE.GLA","b3",1.783097,"5","PAD","PAD"
"PICE.GLA","b3",1.783097,"6","LBH","LBH"
"PICE.GLA","b3",1.783097,"12","AP","AP"
"PICE.GLA","b3",1.783097,"13","KU","KU"
"PICE.GLA","b3",1.783097,"15","PRP","PRP"
"PICE.GLA","b3",1.783097,"16","CP","CP"
"PICE.GLA","b3",1.885321,"9","M","M"
"PICE.GLA","b3",1.885321,"11","LF","LF"
"PICE.GLA","b3",1.885321,"14","FP","FP"
"PICE.GLA","b3",1.842818,NA,"Province","Province"
"PICE.GLA","b4",-0.953783,"7","ALP","ALP"
"PICE.GLA","b4",-0.953783,"8","SA","SA"
"PICE.GLA","b4",-0.953783,"10","UF","UF"
"PICE.GLA","b4",-0.730236,"1","CM","CM"
"PICE.GLA","b4",-0.730236,"2","DMW","DMW"
"PICE.GLA","b4",-0.730236,"3","NM","NM"
"PICE.GLA","b4",-0.730236,"4","BSA","BSA"
"PICE.GLA","b4",-0.730236,"5","PAD","PAD"
"PICE.GLA","b4",-0.730236,"6","LBH","LBH"
"PICE.GLA","b4",-0.730236,"12","AP","AP"
"PICE.GLA","b4",-0.730236,"13","KU","KU"
"PICE.GLA","b4",-0.730236,"15","PRP","PRP"
"PICE.GLA","b4",-0.730236,"16","CP","CP"
"PICE.GLA","b4",-0.921437,"9","M","M"
"PICE.GLA","b4",-0.921437,"11","LF","LF"
"PICE.GLA","b4",-0.921437,"14","FP","FP"
"PICE.GLA","b4",-0.852227,NA,"Province","Province"
"PICE.GLA","b5",0.101608,"7","ALP","ALP"
"PICE.GLA","b5",0.101608,"8","SA","SA"
"PICE.GLA","b5",0.101608,"10","UF","UF"
"PICE.GLA","b5",0.040997,"1","CM","CM"
"PICE.GLA","b5",0.040997,"2","DMW","DMW"
"PICE.GLA","b5",0.040997,"3","NM","NM"
"PICE.GLA","b5",0.040997,"4","BSA","BSA"
"PICE.GLA","b5",0.040997,"5","PAD","PAD"
"PICE.GLA","b5",0.040997,"6","LBH","LBH"
"PICE.GLA","b5",0.040997,"12","AP","AP"
"PICE.GLA","b5",0.040997,"13","KU","KU"
"PICE.GLA","b5",0.040997,"15","PRP","PRP"
"PICE.GLA","b5",0.040997,"16","CP","CP"
"PICE.GLA","b5",0.150228,"9","M","M"
"PICE.GLA","b5",0.150228,"11","LF","LF"
"PICE.GLA","b5",0.150228,"14","FP","FP"
"PICE.GLA","b5",0.110359,NA,"Province","Province"
"PINU.CON","a0",0.800648,"7","ALP","ALP"
"PINU.CON","a0",0.800648,"8","SA","SA"
"PINU.CON","a0",0.957164,"6","LBH","LBH"
"PINU.CON","a0",0.957164,"9","M","M"
"PINU.CON","a0",0.957164,"11","LF","LF"
"PINU.CON","a0",0.957164,"14","FP","FP"
"PINU.CON","a0",0.828665,"4","BSA","BSA"
"PINU.CON","a0",0.828665,"10","UF","UF"
"PINU.CON","a0",1.033572,"1","CM","CM"
"PINU.CON","a0",1.033572,"2","DMW","DMW"
"PINU.CON","a0",1.033572,"3","NM","NM"
"PINU.CON","a0",1.033572,"5","PAD","PAD"
"PINU.CON","a0",1.033572,"12","AP","AP"
"PINU.CON","a0",1.033572,"13","KU","KU"
"PINU.CON","a0",1.033572,"15","PRP","PRP"
"PINU.CON","a0",1.033572,"16","CP","CP"
"PINU.CON","a0",0.897617,NA,"Province","Province"
"PINU.CON","a1",1.053544,"7","ALP","ALP"
"PINU.CON","a1",1.053544,"8","SA","SA"
"PINU.CON","a1",0.959992,"6","LBH","LBH"
"PINU.CON","a1",0.959992,"9","M","M"
"PINU.CON","a1",0.959992,"11","LF","LF"
"PINU.CON","a1",0.959992,"14","FP","FP"
"PINU.CON","a1",1.024196,"4","BSA","BSA"
"PINU.CON","a1",1.024196,"10","UF","UF"
"PINU.CON","a1",0.913621,"1","CM","CM"
"PINU.CON","a1",0.913621,"2","DMW","DMW"
"PINU.CON","a1",0.913621,"3","NM","NM"
"PINU.CON","a1",0.913621,"5","PAD","PAD"
"PINU.CON","a1",0.913621,"12","AP","AP"
"PINU.CON","a1",0.913621,"13","KU","KU"
"PINU.CON","a1",0.913621,"15","PRP","PRP"
"PINU.CON","a1",0.913621,"16","CP","CP"
"PINU.CON","a1",0.988518,NA,"Province","Province"
"PINU.CON","a2",0.995568,"7","ALP","ALP"
"PINU.CON","a2",0.995568,"8","SA","SA"
"PINU.CON","a2",0.999774,"6","LBH","LBH"
"PINU.CON","a2",0.999774,"9","M","M"
"PINU.CON","a2",0.999774,"11","LF","LF"
"PINU.CON","a2",0.999774,"14","FP","FP"
"PINU.CON","a2",0.997492,"4","BSA","BSA"
"PINU.CON","a2",0.997492,"10","UF","UF"
"PINU.CON","a2",1.000765,"1","CM","CM"
"PINU.CON","a2",1.000765,"2","DMW","DMW"
"PINU.CON","a2",1.000765,"3","NM","NM"
"PINU.CON","a2",1.000765,"5","PAD","PAD"
"PINU.CON","a2",1.000765,"12","AP","AP"
"PINU.CON","a2",1.000765,"13","KU","KU"
"PINU.CON","a2",1.000765,"15","PRP","PRP"
"PINU.CON","a2",1.000765,"16","CP","CP"
"PINU.CON","a2",0.998735,NA,"Province","Province"
"PINU.CON","b1",0.568347,"7","ALP","ALP"
"PINU.CON","b1",0.568347,"8","SA","SA"
"PINU.CON","b1",0.766747,"6","LBH","LBH"
"PINU.CON","b1",0.766747,"9","M","M"
"PINU.CON","b1",0.766747,"11","LF","LF"
"PINU.CON","b1",0.766747,"14","FP","FP"
"PINU.CON","b1",0.596193,"4","BSA","BSA"
"PINU.CON","b1",0.596193,"10","UF","UF"
"PINU.CON","b1",0.256633,"1","CM","CM"
"PINU.CON","b1",0.256633,"2","DMW","DMW"
"PINU.CON","b1",0.256633,"3","NM","NM"
"PINU.CON","b1",0.256633,"5","PAD","PAD"
"PINU.CON","b1",0.256633,"12","AP","AP"
"PINU.CON","b1",0.256633,"13","KU","KU"
"PINU.CON","b1",0.256633,"15","PRP","PRP"
"PINU.CON","b1",0.256633,"16","CP","CP"
"PINU.CON","b1",0.675759,NA,"Province","Province"
"PINU.CON","b2",-0.125114,"7","ALP","ALP"
"PINU.CON","b2",-0.125114,"8","SA","SA"
"PINU.CON","b2",-0.140758,"6","LBH","LBH"
"PINU.CON","b2",-0.140758,"9","M","M"
"PINU.CON","b2",-0.140758,"11","LF","LF"
"PINU.CON","b2",-0.140758,"14","FP","FP"
"PINU.CON","b2",-0.118777,"4","BSA","BSA"
"PINU.CON","b2",-0.118777,"10","UF","UF"
"PINU.CON","b2",-0.049091,"1","CM","CM"
"PINU.CON","b2",-0.049091,"2","DMW","DMW"
"PINU.CON","b2",-0.049091,"3","NM","NM"
"PINU.CON","b2",-0.049091,"5","PAD","PAD"
"PINU.CON","b2",-0.049091,"12","AP","AP"
"PINU.CON","b2",-0.049091,"13","KU","KU"
"PINU.CON","b2",-0.049091,"15","PRP","PRP"
"PINU.CON","b2",-0.049091,"16","CP","CP"
"PINU.CON","b2",-0.130313,NA,"Province","Province"
"PINU.CON","b3",0.610085,"7","ALP","ALP"
"PINU.CON","b3",0.610085,"8","SA","SA"
"PINU.CON","b3",0.666037,"6","LBH","LBH"
"PINU.CON","b3",0.666037,"9","M","M"
"PINU.CON","b3",0.666037,"11","LF","LF"
"PINU.CON","b3",0.666037,"14","FP","FP"
"PINU.CON","b3",0.465591,"4","BSA","BSA"
"PINU.CON","b3",0.465591,"10","UF","UF"
"PINU.CON","b3",-0.252118,"1","CM","CM"
"PINU.CON","b3",-0.252118,"2","DMW","DMW"
"PINU.CON","b3",-0.252118,"3","NM","NM"
"PINU.CON","b3",-0.252118,"5","PAD","PAD"
"PINU.CON","b3",-0.252118,"12","AP","AP"
"PINU.CON","b3",-0.252118,"13","KU","KU"
"PINU.CON","b3",-0.252118,"15","PRP","PRP"
"PINU.CON","b3",-0.252118,"16","CP","CP"
"PINU.CON","b3",0.570634,NA,"Province","Province"
"PINU.CON","b4",-0.238442,"7","ALP","ALP"
"PINU.CON","b4",-0.238442,"8","SA","SA"
"PINU.CON","b4",-0.35505,"6","LBH","LBH"
"PINU.CON","b4",-0.35505,"9","M","M"
"PINU.CON","b4",-0.35505,"11","LF","LF"
"PINU.CON","b4",-0.35505,"14","FP","FP"
"PINU.CON","b4",-0.196176,"4","BSA","BSA"
"PINU.CON","b4",-0.196176,"10","UF","UF"
"PINU.CON","b4",0.174267,"1","CM","CM"
"PINU.CON","b4",0.174267,"2","DMW","DMW"
"PINU.CON","b4",0.174267,"3","NM","NM"
"PINU.CON","b4",0.174267,"5","PAD","PAD"
"PINU.CON","b4",0.174267,"12","AP","AP"
"PINU.CON","b4",0.174267,"13","KU","KU"
"PINU.CON","b4",0.174267,"15","PRP","PRP"
"PINU.CON","b4",0.174267,"16","CP","CP"
"PINU.CON","b4",-0.275457,NA,"Province","Province"
"PINU.CON","b5",0.045398,"7","ALP","ALP"
"PINU.CON","b5",0.045398,"8","SA","SA"
"PINU.CON","b5",0.13214,"6","LBH","LBH"
"PINU.CON","b5",0.13214,"9","M","M"
"PINU.CON","b5",0.13214,"11","LF","LF"
"PINU.CON","b5",0.13214,"14","FP","FP"
"PINU.CON","b5",0.083094,"4","BSA","BSA"
"PINU.CON","b5",0.083094,"10","UF","UF"
"PINU.CON","b5",0.123722,"1","CM","CM"
"PINU.CON","b5",0.123722,"2","DMW","DMW"
"PINU.CON","b5",0.123722,"3","NM","NM"
"PINU.CON","b5",0.123722,"5","PAD","PAD"
"PINU.CON","b5",0.123722,"12","AP","AP"
"PINU.CON","b5",0.123722,"13","KU","KU"
"PINU.CON","b5",0.123722,"15","PRP","PRP"
"PINU.CON","b5",0.123722,"16","CP","CP"
"PINU.CON","b5",0.105403,NA,"Province","Province"
"PINU.BAN","a0",0.940832,NA,"Province","Province"
"PSEU.MEN","a0",0.913153,NA,"Province","Province"
"BETU.PAP","a0",0.894358,NA,"Province","Province"
"LARI.LAR","a0",0.933517,NA,"Province","Province"
"PICE.ENG","a0",1.072576,NA,"Province","Province"
"PINU.BAN","a1",0.955575,NA,"Province","Province"
"PSEU.MEN","a1",0.964386,NA,"Province","Province"
"BETU.PAP","a1",1.007721,NA,"Province","Province"
"LARI.LAR","a1",0.965471,NA,"Province","Province"
"PICE.ENG","a1",0.897766,NA,"Province","Province"
"PINU.BAN","a2",0.999333,NA,"Province","Province"
"PSEU.MEN","a2",0.998391,NA,"Province","Province"
"BETU.PAP","a2",0.991384,NA,"Province","Province"
"LARI.LAR","a2",0.998393,NA,"Province","Province"
"PICE.ENG","a2",1.001919,NA,"Province","Province"
"PINU.BAN","b1",0.116311,NA,"Province","Province"
"PSEU.MEN","b1",1.386315,NA,"Province","Province"
"BETU.PAP","b1",-0.483072,NA,"Province","Province"
"LARI.LAR","b1",2.079455,NA,"Province","Province"
"PICE.ENG","b1",1.301834,NA,"Province","Province"
"PINU.BAN","b2",-0.028172,NA,"Province","Province"
"PSEU.MEN","b2",-0.286495,NA,"Province","Province"
"BETU.PAP","b2",0.155593,NA,"Province","Province"
"LARI.LAR","b2",-0.462028,NA,"Province","Province"
"PICE.ENG","b2",-0.305439,NA,"Province","Province"
"PINU.BAN","b3",-0.384427,NA,"Province","Province"
"PSEU.MEN","b3",1.783899,NA,"Province","Province"
"BETU.PAP","b3",-2.273122,NA,"Province","Province"
"LARI.LAR","b3",3.732057,NA,"Province","Province"
"PICE.ENG","b3",2.265717,NA,"Province","Province"
"PINU.BAN","b4",0.304055,NA,"Province","Province"
"PSEU.MEN","b4",-0.916932,NA,"Province","Province"
"BETU.PAP","b4",1.326501,NA,"Province","Province"
"LARI.LAR","b4",-1.950194,NA,"Province","Province"
"PICE.ENG","b4",-1.119671,NA,"Province","Province"
"PINU.BAN","b5",0.072192,NA,"Province","Province"
"PSEU.MEN","b5",0.05883,NA,"Province","Province"
"BETU.PAP","b5",0.168897,NA,"Province","Province"
"LARI.LAR","b5",0.190425,NA,"Province","Province"
"PICE.ENG","b5",0.123519,NA,"Province","Province"
